Image,country,Title,Offers,Link
https://specials.priceless.com/mastercard/images/97d7f4ec-51e5-4c25-b599-d64d3a5ac297.png,South Korea,Yeoju Premium Outlets,Get a VIP Passport and One Complimentary Coffee Voucher,https://specials.priceless.com/en-in/offers/_Yeoju_Premium_Outlets?Oid=202311090001&issuerId=201810230002&productId=201810200133
https://specials.priceless.com/mastercard/images/b70850d7-f88c-4322-a435-681b0ed82d30.jpg,Singapore,$260 Resort Dollars at Marina Bay Sands,Receive up to $260 Resort Dollars and a luxury gift set when you spend with Mastercard.,https://specials.priceless.com/en-in/offers/_260_Resort_Dollars_at_Marina_Bay_Sands?Oid=202310170002&issuerId=201810230002&productId=201810200133
https://specials.priceless.com/mastercard/images/1cca39e0-9de9-414e-838e-895b7708c81c.jpg,Singapore,& Other Stories,Enjoy 10% off with a minimum spend of S$200,https://specials.priceless.com/en-in/offers/__Other_Stories?Oid=202305120006&issuerId=201810230002&productId=201810200133
https://specials.priceless.com/mastercard/images/2ab5f5a0-2cfd-43e4-b41a-6201fa0ad1ee.jpg,Singapore,20% off at Sentosa,Enjoy up to 20% off at all participating outlets in Sentosa with your Mastercard.,https://specials.priceless.com/en-in/offers/20__off_at_Sentosa?Oid=202310200001&issuerId=201810230002&productId=201810200133
https://specials.priceless.com/mastercard/images/668f8e44-0a7d-47ac-862b-c99c6326aded.jpg,Singapore,20% off DinoVenture,20% off DinoVenture off standard ticket rates,https://specials.priceless.com/en-in/offers/20__off_DinoVenture?Oid=202406070001&issuerId=201810230002&productId=201810200133
https://specials.priceless.com/mastercard/images/b4f725eb-caf6-48ab-8cac-64db203f3f3b.jpg,Singapore,20% Resort Dollars at Marina Bay Sands,Unlock 20% Resort Dollars at Marina Bay Sands with your Mastercard.,https://specials.priceless.com/en-in/offers/20__Resort_Dollars_at_Marina_Bay_Sands?Oid=202211280001&issuerId=201810230002&productId=201810200133
https://specials.priceless.com/mastercard/images/fa85d3c6-bc70-4fda-a05e-7fd25fac439b.jpg,Laos,360°@ Eleven,10% off total food bill,https://specials.priceless.com/en-in/offers/360%C2%B0__Eleven?Oid=202402130003&issuerId=201810230002&productId=201810200133
https://specials.priceless.com/mastercard/images/f00916fb-1880-4be5-b11a-2dbba139b447.png,South Korea,A'REX Airport Railroad,"Enjoy KRW1,500 savings on Airport Railroad Express Train",https://specials.priceless.com/en-in/offers/A'REX_Airport_Railroad?Oid=201811061230&issuerId=201810230002&productId=201810200133
https://specials.priceless.com/mastercard/images/fe65da1f-902c-4dd6-ae88-8c6f684d85e6.jpg,India,AbhiBus,"Get 10% off on upto Rs. 150 Instant Discount + 10% off on upto Rs. 200 AbhiBus Cashback, Minimum Booking Value of Rs. 500",https://specials.priceless.com/en-in/offers/AbhiBus?Oid=202408190014&issuerId=201810230002&productId=201810200133
https://specials.priceless.com/mastercard/images/f7457d1b-46b5-4984-b5ef-ff31b89109aa.jpg,Hong Kong,Absolute Boutique Fitness HK,Enjoy your first drop-in class for HK$100 and 15% off Regular Priced Class Packs,https://specials.priceless.com/en-in/offers/Absolute_Boutique_Fitness_HK?Oid=202408300002&issuerId=201810230002&productId=201810200133
https://specials.priceless.com/mastercard/images/99cdf872-520c-4445-9403-b4e3eae6ea2e.jpg,Singapore,Absolute Boutique Fitness Singapore,Enjoy a complimentary Drop-In and 20% off Regular Priced Class Packs,https://specials.priceless.com/en-in/offers/Absolute_Boutique_Fitness_Singapore?Oid=202209160004&issuerId=201810230002&productId=201810200133
https://specials.priceless.com/mastercard/images/f2278fec-3470-4139-af07-a9648cdb9ba1.jpg,Malaysia,"ACES Hotel, Kuala Lumpur",Enjoy up to 30% off,https://specials.priceless.com/en-in/offers/ACES_Hotel__Kuala_Lumpur?Oid=202408190004&issuerId=201810230002&productId=201810200133
https://specials.priceless.com/mastercard/images/0e474ff0-64c6-41d1-942d-eab02eb695f2.jpg,Singapore,Adventure Cove Waterpark,Programme Description: Mastercard Exclusive Adventure Cove Waterpark Package from SGD80 (SG Residents),https://specials.priceless.com/en-in/offers/Adventure_Cove_Waterpark_?Oid=202410250018&issuerId=201810230002&productId=201810200133
https://specials.priceless.com/mastercard/images/349c30db-de72-46e8-aeb3-88026790f8ac.jpg,Singapore,Adventure Cove Waterpark,Mastercard Exclusive Adventure Cove Waterpark Package from SGD35 (Singapore Residents) / SGD44 (Non-Singapore Residents),https://specials.priceless.com/en-in/offers/Adventure_Cove_Waterpark?Oid=202409090002&issuerId=201810230002&productId=201810200133
https://specials.priceless.com/mastercard/images/d7267e1c-d1eb-4e86-ab72-71a4a61ac24e.jpg,Global,Agoda,Enjoy up to 12% instant discount on hotel bookings worldwide,https://specials.priceless.com/en-in/offers/Agoda?Oid=202111300015&issuerId=201810230002&productId=201810200133
https://specials.priceless.com/mastercard/images/8fc3c9ca-4156-4239-84e8-1d046d2b356b.jpg,Global,Airalo,15% discount on all Airalo eSIMs purchase and top-ups on Airalo’s website and app,https://specials.priceless.com/en-in/offers/Airalo?Oid=202304260001&issuerId=201810230002&productId=201810200133
https://specials.priceless.com/mastercard/images/e2258459-224a-4968-b660-b7c96c218f6b.jpg,India,AJIO,Extra up to Rs. 1000 off on minimum order value of Rs. 2999,https://specials.priceless.com/en-in/offers/AJIO?Oid=202303060350&issuerId=201810230002&productId=201810200133
https://specials.priceless.com/mastercard/images/d4b341c7-20b0-4e67-bb10-938412be5399.jpg,India,Akbar Travels,10% off on Domestic Holidays,https://specials.priceless.com/en-in/offers/Akbar_Travels?Oid=202408190013&issuerId=201810230002&productId=201810200133
https://specials.priceless.com/mastercard/images/8bb47e0b-3767-4efe-b128-f2408b3d01ac.jpg,,Alda Hotel Reykjavik,Enjoy up to 30% off,https://specials.priceless.com/en-in/offers/Alda_Hotel_Reykjavik?Oid=202408200007&issuerId=201810230002&productId=201810200133
https://specials.priceless.com/mastercard/images/121365a3-e8ea-4948-9f0c-c8326b2068ad.jpg,"Laos, Malaysia, Sri Lanka, Thailand",Amari,One Night Free with a minimum 3-night stay,https://specials.priceless.com/en-in/offers/Amari?Oid=202410150002&issuerId=201810230002&productId=201810200133
https://specials.priceless.com/mastercard/images/3d15fedd-89de-45c8-814e-15af45f7bca1.jpg,Maldives,Amilla Maldives,25% Off On Accommodation,https://specials.priceless.com/en-in/offers/Amilla_Maldives?Oid=202410150009&issuerId=201810230002&productId=201810200133
https://specials.priceless.com/mastercard/images/419a104c-d3d5-4827-b3b7-0862da4d5771.jpg,Taiwan,Amis Mochi,Enjoy a 5% discount on store-made products,https://specials.priceless.com/en-in/offers/Amis_Mochi?Oid=202406170009&issuerId=201810230002&productId=201810200133
https://specials.priceless.com/mastercard/images/42cffab6-bbc0-4bdf-856d-0f4fb8c442f9.png,"Africa and Middle East, Asia Pacific",Anantara Hotels & Resorts,Enjoy one additional free night with your booking,https://specials.priceless.com/en-in/offers/Anantara_Hotels___Resorts?Oid=201905220002&issuerId=201810230002&productId=201810200133
https://specials.priceless.com/mastercard/images/bfc2af8f-30a9-451e-b9e4-c033cf81c83f.jpg,Maldives,Anantara Kihavah,30% Off On Accommodation,https://specials.priceless.com/en-in/offers/Anantara_Kihavah_?Oid=202410160001&issuerId=201810230002&productId=201810200133
https://specials.priceless.com/mastercard/images/a8296ef6-6ad3-47ba-9fbf-2d0e2b2d3727.JPG,"Africa and Middle East, Asia Pacific, Greece",Angsana,"One Night Free at Angsana (Stay for 3 Nights, Pay for 2 Nights)",https://specials.priceless.com/en-in/offers/Angsana?Oid=202312280416&issuerId=201810230002&productId=201810200133
https://specials.priceless.com/mastercard/images/06702280-584e-4f43-be04-7bd3ded324d2.jpg,Maldives,Angsana Velavaru,Dive into priceless experiences in the Maldives at Angsana Velavaru,https://specials.priceless.com/en-in/offers/Angsana_Velavaru_?Oid=202408270002&issuerId=201810230002&productId=201810200133
https://specials.priceless.com/mastercard/images/f34fb38e-d3f6-4769-91ad-56ee49c3769c.jpg,Malaysia,ANSA Hotel Kuala Lumpur,Enjoy up to 30% off,https://specials.priceless.com/en-in/offers/ANSA_Hotel_Kuala_Lumpur?Oid=202408190003&issuerId=201810230002&productId=201810200133
https://specials.priceless.com/mastercard/images/2ee0b934-c4df-49af-a386-901702b75b4d.jpg,Japan,ANSA Okinawa Resort,Enjoy up to 30% off,https://specials.priceless.com/en-in/offers/ANSA_Okinawa_Resort?Oid=202408190010&issuerId=201810230002&productId=201810200133
https://specials.priceless.com/mastercard/images/3ffcd14a-c688-4482-a5f2-45c18722a356.jpg,India,Anytime Fitness,15% off on Annual Membership (on Rack Rate),https://specials.priceless.com/en-in/offers/Anytime_Fitness?Oid=202407180004&issuerId=201810230002&productId=201810200133
https://specials.priceless.com/mastercard/images/1f28552a-d936-4211-94bb-659ae2202c8b.jpg,India,Apollo Hospital,25% off on Apollo ProHealth Health Checkups,https://specials.priceless.com/en-in/offers/Apollo_Hospital?Oid=202406140003&issuerId=201810230002&productId=201810200133
https://specials.priceless.com/mastercard/images/4aabe047-711a-42e5-9b88-e94650d181c9.jpg,India,Apollo Pharmacy,Up to 15% off at Apollo Pharmacy,https://specials.priceless.com/en-in/offers/Apollo_Pharmacy?Oid=202306090001&issuerId=201810230002&productId=201810200133
https://specials.priceless.com/mastercard/images/ae15063d-48fb-4a61-8603-3a938ef1fd53.jpg,Myanmar,Archway Bistro,Enjoy 15% off on total bill,https://specials.priceless.com/en-in/offers/Archway_Bistro?Oid=202409090003&issuerId=201810230002&productId=201810200133
https://specials.priceless.com/mastercard/images/54f63849-2b13-4df3-a6c9-daf9aed784ef.jpg,Maldives,Avani + Fares Maldives,35% Off On Accommodation,https://specials.priceless.com/en-in/offers/Avani___Fares_Maldives?Oid=202410160002&issuerId=201810230002&productId=201810200133
https://specials.priceless.com/mastercard/images/58a64f9a-2382-4c75-bcce-38a594930785.png,"Africa and Middle East, Asia Pacific",Avani Hotels & Resorts,Enjoy one additional free night with your booking,https://specials.priceless.com/en-in/offers/Avani_Hotels___Resorts?Oid=201905220003&issuerId=201810230002&productId=201810200133
https://specials.priceless.com/mastercard/images/07cb0b8a-9cca-4541-b34e-a26a6a2b9ff2.jpg,India,AVIS,Get discount up to 35% on the car rental services,https://specials.priceless.com/en-in/offers/AVIS?Oid=202407260002&issuerId=201810230002&productId=201810200133
https://specials.priceless.com/mastercard/images/1d91d9f3-03fd-4c51-8b39-c3986f56254c.jpg,Global,Avis Car Rental,Enjoy up to 35% off standard rates,https://specials.priceless.com/en-in/offers/Avis_Car_Rental?Oid=201912260042&issuerId=201810230002&productId=201810200133
https://specials.priceless.com/mastercard/images/ac6bc3ec-3caf-4e82-836e-97a3f7007dff.jpg,India,Awfis,20% off on Meeting Rooms & Flexi Seats,https://specials.priceless.com/en-in/offers/Awfis?Oid=202305120005&issuerId=201810230002&productId=201810200133
https://specials.priceless.com/mastercard/images/93e9d7d4-8429-4783-8d7d-57d82ef8d3cf.jpg,Hong Kong,ba&sh,"12% off sitewide, including sale items",https://specials.priceless.com/en-in/offers/ba_sh?Oid=202312180001&issuerId=201810230002&productId=201810200133
https://specials.priceless.com/mastercard/images/93d9f8df-53f2-4488-9c1a-7421b99287e4.JPG,"Africa and Middle East, Asia Pacific",Banyan Tree,"One Night Free at Banyan Tree (Stay for 3 Nights, Pay for 2 Nights)",https://specials.priceless.com/en-in/offers/Banyan_Tree?Oid=202312280415&issuerId=201810230002&productId=201810200133
https://specials.priceless.com/mastercard/images/62d98947-f87b-4b28-a65d-f4048d9ccf87.jpg,Maldives,Banyan Tree Vabbinfaru,35% Off On Accommodation,https://specials.priceless.com/en-in/offers/Banyan_Tree_Vabbinfaru?Oid=202410160003&issuerId=201810230002&productId=201810200133
https://specials.priceless.com/mastercard/images/1fcb9d7a-3edc-4c50-8b84-714f825576fb.jpg,Myanmar,Bar Castle,10% discount on total bill,https://specials.priceless.com/en-in/offers/Bar_Castle?Oid=202405130005&issuerId=201810230002&productId=201810200133
https://specials.priceless.com/mastercard/images/ddbc5c06-8c64-4f57-a91c-6a6162d294c6.jpg,India,Barbeque Nation,Tap & Go with Mastercard to avail instant discount of 10% on your bill,https://specials.priceless.com/en-in/offers/Barbeque_Nation?Oid=202410300001&issuerId=201810230002&productId=201810200133
https://specials.priceless.com/mastercard/images/5c72a5c3-ad95-47ad-9462-27ad5f133d0b.jpg,Maldives,Barceló Whale Lagoon Maldives,45% Off On Accommodation,https://specials.priceless.com/en-in/offers/Barcel%C3%B3_Whale_Lagoon_Maldives?Oid=202410160004&issuerId=201810230002&productId=201810200133
https://specials.priceless.com/mastercard/images/10b170f8-8d71-4985-aad2-8006ff0988cd.jpg,India,Bare Necessities,12% off on Total Bill,https://specials.priceless.com/en-in/offers/Bare_Necessities?Oid=202404160001&issuerId=201810230002&productId=201810200133
https://specials.priceless.com/mastercard/images/c52f02ef-3ca2-4722-a98a-3dfcd47e4445.jpg,India,Barista,Tap & Go with Mastercard for flat Rs.75 off on a bill value of Rs.500 and above,https://specials.priceless.com/en-in/offers/Barista?Oid=202410250003&issuerId=201810230002&productId=201810200133
https://specials.priceless.com/mastercard/images/c9eb0a1d-c740-4709-b741-3009cbfec056.jpg,Myanmar,BATH & KITCHEN,Enjoy 10% off all products,https://specials.priceless.com/en-in/offers/BATH___KITCHEN?Oid=202403130002&issuerId=201810230002&productId=201810200133
https://specials.priceless.com/mastercard/images/2eeeeb10-fc81-425a-b94c-a7cd5ff0f59e.jpg,Singapore,Bedrock Bar & Grill,Earn up to 17% Dollars $ rebates and access to exclusive vouchers,https://specials.priceless.com/en-in/offers/Bedrock_Bar___Grill?Oid=202209120002&issuerId=201810230002&productId=201810200133
https://specials.priceless.com/mastercard/images/8255885d-fb33-4583-a327-dae6b1fc8f36.png,Singapore,Bedrock Bar & Grill - Free Islandwide Delivery,Free island-wide delivery with $120 spend & above with Mastercard,https://specials.priceless.com/en-in/offers/Bedrock_Bar___Grill_-_Free_Islandwide_Delivery?Oid=202407040001&issuerId=201810230002&productId=201810200133
https://specials.priceless.com/mastercard/images/93959c1c-639e-414b-a838-3d7ee0b8e9d5.png,Singapore,Bedrock Origin,Earn up to 17% Dollars $ rebates and access to exclusive vouchers,https://specials.priceless.com/en-in/offers/Bedrock_Origin?Oid=202209120003&issuerId=201810230002&productId=201810200133
https://specials.priceless.com/mastercard/images/c83d46bc-6a1b-4f74-ad2c-6d825196133d.jpg,Taiwan,BEE FARMER,"Enjoy a 5% discount on single-transactions of NT$1,880 or more",https://specials.priceless.com/en-in/offers/BEE_FARMER?Oid=202406140004&issuerId=201810230002&productId=201810200133
https://specials.priceless.com/mastercard/images/909fc8b2-bf5e-4a5e-9201-20d5f320e5a8.jpg,India,Behrouz Biryani,Rs. 120 off on Minimum Purchase Value of Rs. 249,https://specials.priceless.com/en-in/offers/Behrouz_Biryani?Oid=202403110005&issuerId=201810230002&productId=201810200133
https://specials.priceless.com/mastercard/images/046d20e3-450f-41c3-9192-6d2a18cb4ac3.jpg,China,Beijing Subway,"Enjoy up to 100% rebate on subway fare in Beijing China by tapping Mastercard to pay for the subway fare, up to CNY20 cashback for a single transaction",https://specials.priceless.com/en-in/offers/Beijing_Subway_?Oid=202410090001&issuerId=201810230002&productId=201810200133
https://specials.priceless.com/mastercard/images/8d17a5ad-08da-4f73-98a8-18bc85cfc395.jpg,,Berjaya Akureyri Hotel,Enjoy up to 30% off,https://specials.priceless.com/en-in/offers/Berjaya_Akureyri_Hotel?Oid=202408200008&issuerId=201810230002&productId=201810200133
https://specials.priceless.com/mastercard/images/c1c46fd6-92d3-4138-998e-802190983ded.jpg,,Berjaya Beau Vallon Bay Resort & Casino,Enjoy up to 30% off,https://specials.priceless.com/en-in/offers/Berjaya_Beau_Vallon_Bay_Resort___Casino?Oid=202408190007&issuerId=201810230002&productId=201810200133
https://specials.priceless.com/mastercard/images/b1528d77-013f-46ab-a44c-067b1afd3d06.jpg,United Kingdom,Berjaya Eden Park London Hotel,Enjoy up to 30% off,https://specials.priceless.com/en-in/offers/Berjaya_Eden_Park_London_Hotel?Oid=202408190009&issuerId=201810230002&productId=201810200133
https://specials.priceless.com/mastercard/images/1f050ab4-a0f0-4968-aa52-62b4fcc67666.jpg,Japan,Berjaya Hakkoda Ski Resort,Enjoy up to 30% off,https://specials.priceless.com/en-in/offers/Berjaya_Hakkoda_Ski_Resort?Oid=202408190011&issuerId=201810230002&productId=201810200133
https://specials.priceless.com/mastercard/images/18a500c0-f646-4a55-99cc-cf24ec5658c8.jpg,,Berjaya Hérað Hotel,Enjoy up to 30% off,https://specials.priceless.com/en-in/offers/Berjaya_H%C3%A9ra%C3%B0_Hotel?Oid=202408200009&issuerId=201810230002&productId=201810200133
https://specials.priceless.com/mastercard/images/705b9b37-a09d-4ebe-b092-e327809d6774.jpg,,Berjaya Höfn Hotel,Enjoy up to 30% off,https://specials.priceless.com/en-in/offers/Berjaya_H%C3%B6fn_Hotel?Oid=202408200012&issuerId=201810230002&productId=201810200133
https://specials.priceless.com/mastercard/images/6b1f6aaf-1f56-4ef8-9f8d-49ab3210bd80.jpg,Sri Lanka,Berjaya Hotel Colombo,Enjoy up to 30% off,https://specials.priceless.com/en-in/offers/Berjaya_Hotel_Colombo?Oid=202408190006&issuerId=201810230002&productId=201810200133
https://specials.priceless.com/mastercard/images/d5f45fd8-09b6-4d14-8c22-519a425d6653.jpg,Malaysia,Berjaya Langkawi Resort,Enjoy up to 30% off,https://specials.priceless.com/en-in/offers/Berjaya_Langkawi_Resort?Oid=202408180003&issuerId=201810230002&productId=201810200133
https://specials.priceless.com/mastercard/images/03ba8c56-1b02-4f61-a2b5-e0b31c48757b.jpg,Philippines,Berjaya Makati Hotel,Enjoy up to 30% off,https://specials.priceless.com/en-in/offers/Berjaya_Makati_Hotel?Oid=202408190005&issuerId=201810230002&productId=201810200133
https://specials.priceless.com/mastercard/images/95d1374a-293b-4a8e-be8b-0356e86aaab7.jpg,,Berjaya Mývatn Hotel,Enjoy up to 30% off,https://specials.priceless.com/en-in/offers/Berjaya_M%C3%BDvatn_Hotel?Oid=202408200011&issuerId=201810230002&productId=201810200133
https://specials.priceless.com/mastercard/images/ce41775c-4151-44ba-84b7-e44b6cf59ac9.jpg,Malaysia,Berjaya Penang Hotel,Enjoy up to 30% off,https://specials.priceless.com/en-in/offers/Berjaya_Penang_Hotel?Oid=202408140010&issuerId=201810230002&productId=201810200133
https://specials.priceless.com/mastercard/images/ccf46131-7da7-41e3-a9ce-f3c824cab402.jpg,,Berjaya Praslin Resort,Enjoy up to 30% off,https://specials.priceless.com/en-in/offers/Berjaya_Praslin_Resort?Oid=202408190008&issuerId=201810230002&productId=201810200133
https://specials.priceless.com/mastercard/images/3110d3d0-3c7c-4209-878d-6d7eccd18c58.jpg,,Berjaya Reykjavík Marina Hotel,Enjoy up to 30% off,https://specials.priceless.com/en-in/offers/Berjaya_Reykjav%C3%ADk_Marina_Hotel?Oid=202408200002&issuerId=201810230002&productId=201810200133
https://specials.priceless.com/mastercard/images/7d8c3ab8-5ac6-436e-955c-ce1050037c9b.jpg,,Berjaya Reykjavík Natura Hotel,Enjoy up to 30% off,https://specials.priceless.com/en-in/offers/Berjaya_Reykjav%C3%ADk_Natura_Hotel?Oid=202408200001&issuerId=201810230002&productId=201810200133
https://specials.priceless.com/mastercard/images/581d68df-9cab-4009-9d2b-9ee678f3a4cd.jpg,Malaysia,"Berjaya Times Square Hotel, Kuala Lumpur",Enjoy up to 30% off,https://specials.priceless.com/en-in/offers/Berjaya_Times_Square_Hotel__Kuala_Lumpur?Oid=202408140006&issuerId=201810230002&productId=201810200133
https://specials.priceless.com/mastercard/images/216cc3bb-8ca5-45a0-adb3-0e51693b1302.jpg,Malaysia,Berjaya Tioman Resort,Enjoy up to 30% off,https://specials.priceless.com/en-in/offers/Berjaya_Tioman_Resort?Oid=202408190001&issuerId=201810230002&productId=201810200133
https://specials.priceless.com/mastercard/images/d417b0f2-abf6-45d5-9785-386ef5ca3d61.jpg,Malaysia,"Berjaya Waterfront Hotel, Johor Bahru",Enjoy up to 30% off,https://specials.priceless.com/en-in/offers/Berjaya_Waterfront_Hotel__Johor_Bahru?Oid=202408140009&issuerId=201810230002&productId=201810200133
https://specials.priceless.com/mastercard/images/5ec8aad2-6826-48fa-bc3c-4d5337cf80d3.jpg,India,Bianca Home,10% off on Total Bill,https://specials.priceless.com/en-in/offers/Bianca_Home?Oid=202307280004&issuerId=201810230002&productId=201810200133
https://specials.priceless.com/mastercard/images/091d13d7eddaa88554466a9ba0a4f95d1541489013635.JPEG,Japan,BicCamera,5% off + 10% tax-free,https://specials.priceless.com/en-in/offers/BicCamera?Oid=201811061187&issuerId=201810230002&productId=201810200133
https://specials.priceless.com/mastercard/images/5c867a9d-6685-4122-8215-daf052d615db.png,Asia Pacific,BlockBar,Enjoy early bird access and concierge service,https://specials.priceless.com/en-in/offers/BlockBar?Oid=202407050003&issuerId=201810230002&productId=201810200133
https://specials.priceless.com/mastercard/images/2da8912c-9440-441b-abbd-192b3d19edec.jpg,Taiwan,BlueBird Travel,Enjoy a store membership gift of 2 egg roll gift boxes,https://specials.priceless.com/en-in/offers/BlueBird_Travel?Oid=202406140009&issuerId=201810230002&productId=201810200133
https://specials.priceless.com/mastercard/images/dd0ac289-462a-44b8-b0ea-5a223c6acf51.jpg,Global,Booking.com,Up to 30% off selected accommodations,https://specials.priceless.com/en-in/offers/Booking_com_?Oid=202104150001&issuerId=201810230002&productId=201810200133
https://specials.priceless.com/mastercard/images/4528a760-68a5-4b12-af02-d301416dc15d.jpg,Global,Booking.com (Cashback),Earn up to 16% cashback to wallet,https://specials.priceless.com/en-in/offers/Booking_com_(Cashback)?Oid=202002270015&issuerId=201810230002&productId=201810200133
https://specials.priceless.com/mastercard/images/749eb6df-d0d1-4e40-b6bf-4a2737d0d81f.jpg,Malaysia,Boost Juice,Free Upsize on every drink order,https://specials.priceless.com/en-in/offers/Boost_Juice?Oid=202410270004&issuerId=201810230002&productId=201810200133
https://specials.priceless.com/mastercard/images/31606e49-0d24-4ebb-80e0-539594b15608.jpg,Singapore,Bossini x Global Blue,$30 off min. spend $250,https://specials.priceless.com/en-in/offers/Bossini_x_Global_Blue?Oid=202404040001&issuerId=201810230002&productId=201810200133
https://specials.priceless.com/mastercard/images/400de8ce-46ba-4c65-9160-17f783fa3e6a.png,Myanmar,BreadTalk Myanmar,"Enjoy 5,000MMK off with minimum purchase of  20,000MMK",https://specials.priceless.com/en-in/offers/BreadTalk_Myanmar?Oid=202408280001&issuerId=201810230002&productId=201810200133
https://specials.priceless.com/mastercard/images/b7647574-1eea-40c3-9ad3-cae419ba9958.jpg,Taiwan,BREEZE CENTER,Enjoy a 10% discount at designated dining counters,https://specials.priceless.com/en-in/offers/BREEZE_CENTER?Oid=202406120001&issuerId=201810230002&productId=201810200133
https://specials.priceless.com/mastercard/images/20338b6d-4af9-41ff-87c5-81902ad72d0e.jpg,Taiwan,BREEZE NAN SHAN,Enjoy a 10% discount at designated dining counters,https://specials.priceless.com/en-in/offers/BREEZE_NAN_SHAN?Oid=202406180008&issuerId=201810230002&productId=201810200133
https://specials.priceless.com/mastercard/images/2c23c2f2-ca54-4ae0-8940-759a34dc5fe1.jpg,Taiwan,BREEZE TAIPEI STATION,Enjoy a 10% discount at designated dining counters,https://specials.priceless.com/en-in/offers/BREEZE_TAIPEI_STATION?Oid=202406070002&issuerId=201810230002&productId=201810200133
https://specials.priceless.com/mastercard/images/632d5cc8-6afc-4fdd-845f-778b707345d7.jpg,Taiwan,BREEZE XIN YI,Enjoy a 10% discount at designated dining counters,https://specials.priceless.com/en-in/offers/BREEZE_XIN_YI?Oid=202406110002&issuerId=201810230002&productId=201810200133
https://specials.priceless.com/mastercard/images/823821a8-6860-4097-bc35-2a64a4934903.png,Global,Brilliant by Langham,Complimentary fast-track access to unlock exclusive Brilliant member privileges.,https://specials.priceless.com/en-in/offers/Brilliant_by_Langham?Oid=202402200001&issuerId=201810230002&productId=201810200133
https://specials.priceless.com/mastercard/images/eff9173e-216b-4350-a3c8-c83509840619.jpg,Hong Kong,Britannia Study Link,10% off,https://specials.priceless.com/en-in/offers/Britannia_Study_Link?Oid=202202220001&issuerId=201810230002&productId=201810200133
https://specials.priceless.com/mastercard/images/5cc0e059-6bd5-4e8c-a222-bfc8ea55ac41.jpg,Hong Kong,Brooks Brothers,Enjoy HK$300 discount upon net offline/ online spending,https://specials.priceless.com/en-in/offers/Brooks_Brothers?Oid=202303270001&issuerId=201810230002&productId=201810200133
https://specials.priceless.com/mastercard/images/49b6df2c-394d-4cee-a8c7-aeaa51b96795.jpg,Myanmar,Bumrungrad Clinic Yangon,5% discount on check-up packages,https://specials.priceless.com/en-in/offers/Bumrungrad_Clinic_Yangon?Oid=202311280001&issuerId=201810230002&productId=201810200133
https://specials.priceless.com/mastercard/images/1c355766-3861-47cd-a928-660a01a0d869.jpg,Laos,Burasari Heritage Luang Prabang,One Night Free,https://specials.priceless.com/en-in/offers/Burasari_Heritage_Luang_Prabang?Oid=202312150001&issuerId=201810230002&productId=201810200133
https://specials.priceless.com/mastercard/images/81b0a7d0-3b91-4175-9063-8f52e0339be3.jpg,Myanmar,Burma Bistro,"Enjoy up to 10,000 MMK off",https://specials.priceless.com/en-in/offers/Burma_Bistro?Oid=202408220002&issuerId=201810230002&productId=201810200133
https://specials.priceless.com/mastercard/images/f3ab68fd-eea9-458e-8813-ba043cc3449b.jpg,Myanmar,Byblos Pud & Grill,5% discount on total bill,https://specials.priceless.com/en-in/offers/Byblos_Pud___Grill?Oid=202405130002&issuerId=201810230002&productId=201810200133
https://specials.priceless.com/mastercard/images/c67461cb-8c38-46ba-8374-7ac8ac9080f6.jpg,India,Canoopi,8% off,https://specials.priceless.com/en-in/offers/Canoopi?Oid=202410220011&issuerId=201810230002&productId=201810200133
https://specials.priceless.com/mastercard/images/2f3c6d48-53bd-4484-8d7b-8bb5ea143832.jpg,,Canopy By Hilton Reykjavik City Centre,Enjoy up to 30% off,https://specials.priceless.com/en-in/offers/Canopy_By_Hilton_Reykjavik_City_Centre?Oid=202408200004&issuerId=201810230002&productId=201810200133
https://specials.priceless.com/mastercard/images/4e3bee4e-f754-44c1-a853-3339f2e08868.jpg,"Australia, China, Indonesia, Singapore, Thailand, Vietnam",Capella Hotels and Resorts,One Night Free,https://specials.priceless.com/en-in/offers/Capella_Hotels_and_Resorts?Oid=202303220001&issuerId=201810230002&productId=201810200133
https://specials.priceless.com/mastercard/images/fd62b3d7-3038-4d4e-a07a-d8d50386ecaa.jpg,India,Caprese,"15% off on Minimum Purchase Value of Rs. 2500 & Above, Maximum off Rs. 600",https://specials.priceless.com/en-in/offers/Caprese?Oid=202408300005&issuerId=201810230002&productId=201810200133
https://specials.priceless.com/mastercard/images/cc492d7d-3fd8-4fea-9038-392f67922576.jpg,Malaysia,Capri by Fraser Bukit Bintang,20% off Best Flexible rates,https://specials.priceless.com/en-in/offers/Capri_by_Fraser_Bukit_Bintang?Oid=202410270005&issuerId=201810230002&productId=201810200133
https://specials.priceless.com/mastercard/images/be0d3132-61cf-4e38-8a43-45ccd05fdb37.jpg,Malaysia,Capri by Fraser Johor Bahru,20% off Best Flexible rates,https://specials.priceless.com/en-in/offers/Capri_by_Fraser_Johor_Bahru_?Oid=202410250004&issuerId=201810230002&productId=201810200133
https://specials.priceless.com/mastercard/images/001e3e89-e121-4ff0-8397-f7aa95927380.JPG,"Indonesia, Thailand",Cassia,"One Night Free at Cassia (Stay for 3 Nights, Pay for 2 Nights)",https://specials.priceless.com/en-in/offers/Cassia?Oid=202312280417&issuerId=201810230002&productId=201810200133
https://specials.priceless.com/mastercard/images/64d4a4ed-aed6-4a88-904e-4a9f643ec7c6.jpg,"Laos, Thailand",Centara Hotels & Resorts,Enjoy one night free at participating properties,https://specials.priceless.com/en-in/offers/Centara_Hotels___Resorts?Oid=202006080008&issuerId=201810230002&productId=201810200133
https://specials.priceless.com/mastercard/images/0e8d7278-3af1-4d5a-b9c1-8e0e60f7e053.jpg,Global,CentaraThe1,Complimentary fast-track for more exclusive member benefits and rewards,https://specials.priceless.com/en-in/offers/CentaraThe1?Oid=202405160001&issuerId=201810230002&productId=201810200133
https://specials.priceless.com/mastercard/images/318f4890-c388-40e7-a9d6-575ac4915997.jpg,Taiwan,cha FOR TEA,"Enjoy a 5% discount on single-transactions of NT$1,000 or more",https://specials.priceless.com/en-in/offers/cha_FOR_TEA_?Oid=202406120016&issuerId=201810230002&productId=201810200133
https://specials.priceless.com/mastercard/images/60530ed4-6d8c-49f8-8439-a51d2cddfe2f.jpg,Taiwan,CHAFFEE,"Enjoy a 5% discount on single-transactions of NT$1,000 or more",https://specials.priceless.com/en-in/offers/CHAFFEE?Oid=202406120017&issuerId=201810230002&productId=201810200133
https://specials.priceless.com/mastercard/images/18074c7d-6640-44fd-a2aa-ee8ce2e08557.jpg,Singapore,Changi Airport Group - Mastercard Delights,Receive tenant vouchers every month with min. spend of S$250 at Changi Airport with Mastercard,https://specials.priceless.com/en-in/offers/Changi_Airport_Group_-_Mastercard_Delights?Oid=202405310001&issuerId=201810230002&productId=201810200133
https://specials.priceless.com/mastercard/images/47b9c49d-ab9b-4b45-a587-375aa04bb7c3.jpg,Taiwan,ChenYunPaoChuan,"Enjoy a 5% discount on single-transactions of NT$1,000 or more",https://specials.priceless.com/en-in/offers/ChenYunPaoChuan?Oid=202406140005&issuerId=201810230002&productId=201810200133
https://specials.priceless.com/mastercard/images/31fa853d-fca7-492b-a76e-0d71b76cc9df.jpg,Taiwan,CHINHUAJIAO,Enjoy one complimentary serving of Beef Short Plate,https://specials.priceless.com/en-in/offers/CHINHUAJIAO?Oid=202406120010&issuerId=201810230002&productId=201810200133
https://specials.priceless.com/mastercard/images/c9e80a4e-f70e-4098-b49f-85cd61418e9c.jpg,India,Chowman,40% off on Minimum Order Value of Rs. 149 upto Rs. 120 + Free Home Delivery,https://specials.priceless.com/en-in/offers/Chowman?Oid=202404100004&issuerId=201810230002&productId=201810200133
https://specials.priceless.com/mastercard/images/6a006cae-330f-40ae-8a29-cf872779fc6c.jpg,Singapore,CIN CIN,Earn up to 17% Dollars $ rebates and access to exclusive vouchers,https://specials.priceless.com/en-in/offers/CIN_CIN?Oid=202209120009&issuerId=201810230002&productId=201810200133
https://specials.priceless.com/mastercard/images/132c6501-da35-408b-9f08-489a4d736a0c.png,Singapore,CIN CIN - Free Islandwide Delivery,Free island-wide delivery with $100 spend & above with Mastercard,https://specials.priceless.com/en-in/offers/CIN_CIN_-_Free_Islandwide_Delivery?Oid=202407080001&issuerId=201810230002&productId=201810200133
https://specials.priceless.com/mastercard/images/15639b03-dec9-41c9-9803-2444d76382e8.jpg,India,Citrus Hotel,15% off on Food & Soft Beverages,https://specials.priceless.com/en-in/offers/Citrus_Hotel?Oid=202303020007&issuerId=201810230002&productId=201810200133
https://specials.priceless.com/mastercard/images/d6f3fadf-81bd-42f1-96c3-7fd34f02868a.png,"Malaysia, Thailand",Citrus Hotels,One Night Free,https://specials.priceless.com/en-in/offers/Citrus_Hotels?Oid=202309040001&issuerId=201810230002&productId=201810200133
https://specials.priceless.com/mastercard/images/475d898f-7fd1-428f-94e8-854b8a4cc28d.jpeg,Hong Kong,city’super,Enjoy up to HK$50 instant discount at city’super & city’super neighbourhood or LOG-ON,https://specials.priceless.com/en-in/offers/city%E2%80%99super?Oid=202409260620&issuerId=201810230002&productId=201810200133
https://specials.priceless.com/mastercard/images/80a1cf97-773e-4b04-ad72-769bdd701f24.JPG,India,Cleartax,"With Mastercard, get additional 5% discount over and above upto 60% discount offered by Cleartax.",https://specials.priceless.com/en-in/offers/Cleartax?Oid=202405100002&issuerId=201810230002&productId=201810200133
https://specials.priceless.com/mastercard/images/7e6df099-339a-4c34-bbfd-5ed0dfc3b4e8.jpg,Singapore,Clifford Aesthetics,Enjoy more than 15% discount off regular priced treatments,https://specials.priceless.com/en-in/offers/Clifford_Aesthetics?Oid=202305240001&issuerId=201810230002&productId=201810200133
https://specials.priceless.com/mastercard/images/e80c7bd7-c714-49a8-a47b-72f8a1234e6a.jpg,India,Clove Dental,Get Special Offers at Clove Dental,https://specials.priceless.com/en-in/offers/Clove_Dental?Oid=202408080004&issuerId=201810230002&productId=201810200133
https://specials.priceless.com/mastercard/images/e3e79da8-1ecf-4062-90fe-7612aaf2c069.png,Hong Kong,Club Travel,Enjoy HK$500 instant discount,https://specials.priceless.com/en-in/offers/Club_Travel?Oid=202303240386&issuerId=201810230002&productId=201810200133
https://specials.priceless.com/mastercard/images/5447eb11-3b2d-4b54-b1ba-1111cb6ea124.jpg,Malaysia,Club21.com,Enjoy 20% off regular-priced items,https://specials.priceless.com/en-in/offers/Club21_com?Oid=202408120003&issuerId=201810230002&productId=201810200133
https://specials.priceless.com/mastercard/images/2ce5a425-aaf6-480c-a6b9-55768c002483.jpg,India,Codingal,40% off on Live Online Coding Courses for Kids & Teens,https://specials.priceless.com/en-in/offers/Codingal?Oid=202408300006&issuerId=201810230002&productId=201810200133
https://specials.priceless.com/mastercard/images/e2c600bd-e359-43d6-981b-eee82f6f3203.jpg,Malaysia,"Colmar Tropicale, Berjaya Hills",Enjoy up to 30% off,https://specials.priceless.com/en-in/offers/Colmar_Tropicale__Berjaya_Hills?Oid=202408140008&issuerId=201810230002&productId=201810200133
https://specials.priceless.com/mastercard/images/dcf09d8c-6ba7-4a6e-ab36-7c573448e572.jpg,Singapore,Comfort Del Gro Zig Promo Code,Get $3* off your next ride when you take a ride with Mastercard,https://specials.priceless.com/en-in/offers/Comfort_Del_Gro_Zig_Promo_Code?Oid=202401240002&issuerId=201810230002&productId=201810200133
https://specials.priceless.com/mastercard/images/61a9f751-ad7b-4b5e-9a3a-5af196b87dab.png,Singapore,Commonwealth Concepts - Plus Size Rewards,Upgrade to Plus2 membership using your Mastercard and get a complimentary upgrade to Plus3,https://specials.priceless.com/en-in/offers/Commonwealth_Concepts_-_Plus_Size_Rewards?Oid=202408050002&issuerId=201810230002&productId=201810200133
https://specials.priceless.com/mastercard/images/2fb5dd48-5fff-45a9-a0fe-e6a45195d413.jpg,Thailand,Compass Collection,One Night Free,https://specials.priceless.com/en-in/offers/Compass_Collection?Oid=202309010002&issuerId=201810230002&productId=201810200133
https://specials.priceless.com/mastercard/images/17b6e6df-7cb6-4122-b0b3-4ac654f2971e.jpg,Taiwan,Cona’s Chocolate Castle,Enjoy a 12% discount on Cona’s Chocolate Dream Castle tickets,https://specials.priceless.com/en-in/offers/Cona%E2%80%99s_Chocolate_Castle?Oid=202406170008&issuerId=201810230002&productId=201810200133
https://specials.priceless.com/mastercard/images/a84fa6c6-f995-4d41-aeac-ed5bb3863745.jpg,Maldives,Conrad Rangali,25% Off On Accommodation,https://specials.priceless.com/en-in/offers/Conrad_Rangali_?Oid=202410160009&issuerId=201810230002&productId=201810200133
https://specials.priceless.com/mastercard/images/92fa629c-406c-42b8-9acc-70d8fc62ba32.jpg,"Malaysia, New Zealand, Saudi Arabia, Singapore, United Arab Emirates, United Kingdom",Copthorne,One Night Free,https://specials.priceless.com/en-in/offers/Copthorne?Oid=202307030010&issuerId=201810230002&productId=201810200133
https://specials.priceless.com/mastercard/images/2262292c-cb63-4452-bf58-989f1fc17c90.jpg,Maldives,Cora Cora Maldives,50% Off On Seaplane Transfer,https://specials.priceless.com/en-in/offers/Cora_Cora_Maldives_?Oid=202410160010&issuerId=201810230002&productId=201810200133
https://specials.priceless.com/mastercard/images/72efe58e-3d4e-4509-9c56-af747cbcc6e5.jpg,Japan,Coredo Muromachi,Up to 10% savings + complimentary gift + 10% tax-free,https://specials.priceless.com/en-in/offers/Coredo_Muromachi?Oid=202011090001&issuerId=201810230002&productId=201810200133
https://specials.priceless.com/mastercard/images/a76b4f18-5dd7-43d1-8c5c-ec4d5335794c.jpg,Myanmar,Corner Edge Bistro,"10% off food bill with minimum spend of 70,000 MMK",https://specials.priceless.com/en-in/offers/Corner_Edge_Bistro?Oid=202406130003&issuerId=201810230002&productId=201810200133
https://specials.priceless.com/mastercard/images/cc2d832a-5612-46f7-9c6a-b4b64fc07f65.jpg,Online,Crimson Education,5% off all products and services,https://specials.priceless.com/en-in/offers/Crimson_Education_?Oid=202205130009&issuerId=201810230002&productId=201810200133
https://specials.priceless.com/mastercard/images/cb16e4b6-9cce-4d34-9daf-b909c88cf237.jpg,India,Daily Objects,Additional 10% off on All Products,https://specials.priceless.com/en-in/offers/Daily_Objects?Oid=202403180001&issuerId=201810230002&productId=201810200133
https://specials.priceless.com/mastercard/images/5c7915ce-bc6e-473e-a405-74ebbfbfda8c.JPG,"China, Japan, Maldives, Vietnam",Dhawa,"One Night Free at Dhawa (Stay for 3 Nights, Pay for 2 Nights)",https://specials.priceless.com/en-in/offers/Dhawa?Oid=202312280418&issuerId=201810230002&productId=201810200133
https://specials.priceless.com/mastercard/images/79f1ea79-698d-405b-8182-c6d69d1a5f85.jpg,Japan,Divercity Tokyo Plaza,Up to 10% savings + complimentary gift + 10% tax-free,https://specials.priceless.com/en-in/offers/Divercity_Tokyo_Plaza?Oid=202011090002&issuerId=201810230002&productId=201810200133
https://specials.priceless.com/mastercard/images/7d31e127-66f4-462b-b997-25ab1dd81503.jpg,Japan,Don Quijote,"Enjoy up to 7% off min. spend of 30,000JPY",https://specials.priceless.com/en-in/offers/Don_Quijote?Oid=202304200003&issuerId=201810230002&productId=201810200133
https://specials.priceless.com/mastercard/images/b191d694-fd4b-432a-8e86-0ed5831733ba.jpg,India,Dr. Agarwals Eye Hospital,"15% off on Optical Purchase, 50% off on Comprehensive Eye",https://specials.priceless.com/en-in/offers/Dr__Agarwals_Eye_Hospital?Oid=202406140002&issuerId=201810230002&productId=201810200133
https://specials.priceless.com/mastercard/images/a2ac40d7-a9bd-41f0-8110-3d1779b98ac1.jpg,India,Duroflex,Additional 10% off on Total Bill,https://specials.priceless.com/en-in/offers/Duroflex?Oid=202304210001&issuerId=201810230002&productId=201810200133
https://specials.priceless.com/mastercard/images/80bc03bf-b388-4f90-aee2-0ac81c3b069e.jpg,Taiwan,e-go Tour Bus,Enjoy a 25% discount on 4-hour or longer tickets,https://specials.priceless.com/en-in/offers/e-go_Tour_Bus?Oid=202406170001&issuerId=201810230002&productId=201810200133
https://specials.priceless.com/mastercard/images/27f6d9e9-bb8c-41d3-ba35-2548775fa3e6.png,Singapore,Earn up to 15% rebate when you shop and dine at CapitaLand Malls,Mastercard® Tourist Privileges - Earn up to 15% rebate when you shop and dine at CapitaLand Malls,https://specials.priceless.com/en-in/offers/Earn_up_to_15__rebate_when_you_shop_and_dine_at_CapitaLand_Malls?Oid=202406260002&issuerId=201810230002&productId=201810200133
https://specials.priceless.com/mastercard/images/99580f64-8b8e-4dcb-8ab7-75ee1f912fe1.jpg,India,EaseMyTrip,Get Discounts of up to INR 2900* when you book your travel with EaseMyTrip,https://specials.priceless.com/en-in/offers/EaseMyTrip?Oid=202405070001&issuerId=201810230002&productId=201810200133
https://specials.priceless.com/mastercard/images/8f7668b6-ca99-468b-bd39-ecd0a4f881f9.jpg,India,Eat Better,25% off Total Bill,https://specials.priceless.com/en-in/offers/Eat_Better?Oid=202405030004&issuerId=201810230002&productId=201810200133
https://specials.priceless.com/mastercard/images/a2bf2ce8-838e-4fec-84f4-7104ee9510cf.jpg,India,EatSure,Rs. 120 off on Minimum Purchase Value of Rs. 249,https://specials.priceless.com/en-in/offers/EatSure?Oid=202403110006&issuerId=201810230002&productId=201810200133
https://specials.priceless.com/mastercard/images/6083d827-5f49-49fa-93a5-3a95c1ba5263.jpg,India,Eco Rent a Car,Up to 10% off,https://specials.priceless.com/en-in/offers/Eco_Rent_a_Car?Oid=202311290002&issuerId=201810230002&productId=201810200133
https://specials.priceless.com/mastercard/images/4e7553eb-d03a-4c8c-8e31-e71ff8ad2cea.jpg,Maldives,Emerald Faarufushi,20% Off On Accommodation,https://specials.priceless.com/en-in/offers/Emerald_Faarufushi?Oid=202410160011&issuerId=201810230002&productId=201810200133
https://specials.priceless.com/mastercard/images/0962dd3c-17f5-43c1-a531-5a4effad9714.jpg,Hong Kong,Emperor Cinemas,Enjoy 20% off all F&B items with Mastercard contactless payment,https://specials.priceless.com/en-in/offers/Emperor_Cinemas?Oid=202410250002&issuerId=201810230002&productId=201810200133
https://specials.priceless.com/mastercard/images/a2631342-c4cd-4fb0-9130-fce5d1e05925.jpg,Singapore,Emperor Jewellery x Global Blue,Enjoy 15% off regular priced jewellery storewide and opt for Downtown Refund (In-Store) with Global Blue on your Mastercard,https://specials.priceless.com/en-in/offers/Emperor_Jewellery_x_Global_Blue?Oid=202312180002&issuerId=201810230002&productId=201810200133
https://specials.priceless.com/mastercard/images/a5c14ca2-72ca-4f8c-a627-801e00d0b6cf.jpg,Taiwan,eslite bookstore,"Enjoy a 10% discount on single-transactions of NT$3,000 or more",https://specials.priceless.com/en-in/offers/eslite_bookstore?Oid=202406120002&issuerId=201810230002&productId=201810200133
https://specials.priceless.com/mastercard/images/13659b4f-2365-4e75-ad88-ab738ea0b3bf.jpg,Taiwan,eslite Iori Towel,"Enjoy a 10% discount on single-transactions of NT$3,000 or more",https://specials.priceless.com/en-in/offers/eslite_Iori_Towel_?Oid=202406120004&issuerId=201810230002&productId=201810200133
https://specials.priceless.com/mastercard/images/f175de13-db43-42d5-819e-001881d42efc.jpg,Taiwan,eslite X platform original,"Enjoy a 10% discount on single-transactions of NT$1,000 or more",https://specials.priceless.com/en-in/offers/eslite_X_platform_original__?Oid=202406120003&issuerId=201810230002&productId=201810200133
https://specials.priceless.com/mastercard/images/66b8e9cc-90aa-4781-b4b5-cbef598cd94f.jpg,India,Estele Jewellery,30% off on All Fashion Jewellery on Minimum Purchase Value of Rs. 799 & Above,https://specials.priceless.com/en-in/offers/Estele_Jewellery?Oid=202409240004&issuerId=201810230002&productId=201810200133
https://specials.priceless.com/mastercard/images/4db7d604-2f51-475a-8e18-6ebc39305b9b.jpg,Thailand,Exclusive Cash Coupon at Central Department Stores,"Mastercard cardholders get up to THB 1,400 Cash Coupon at Central Department Stores",https://specials.priceless.com/en-in/offers/Exclusive_Cash_Coupon_at_Central_Department_Stores?Oid=202408050001&issuerId=201810230002&productId=201810200133
https://specials.priceless.com/mastercard/images/7c58acbf-4137-411e-a44a-d8b69a06ccbd.jpg,Global,Expedia,Enjoy up to 8% off all year round on selected hotel bookings,https://specials.priceless.com/en-in/offers/Expedia?Oid=202402060001&issuerId=201810230002&productId=201810200133
https://specials.priceless.com/mastercard/images/4c9d8043-61f4-4aa2-a099-91c77145598f.jpeg,Global,Expedia,Up to 9% off selected hotel bookings,https://specials.priceless.com/en-in/offers/Expedia?Oid=202407260003&issuerId=201810230002&productId=201810200133
https://specials.priceless.com/mastercard/images/51bd194f-2a8a-45c3-ac90-f3bf99d47ebb.jpg,India,Faasos,Rs. 120 off on Minimum Purchase Value of Rs. 249,https://specials.priceless.com/en-in/offers/Faasos?Oid=202403110002&issuerId=201810230002&productId=201810200133
https://specials.priceless.com/mastercard/images/e827d48f-f371-4fc1-80b9-ed5b64832b56.jpg,India,FabHotels,"Rs. 750 off on Minimum Booking Value of Rs. 1,999 & Above on Stays across all properties",https://specials.priceless.com/en-in/offers/FabHotels?Oid=202304210002&issuerId=201810230002&productId=201810200133
https://specials.priceless.com/mastercard/images/0f6ab9dd-577e-4a9c-bca2-a402737c9948.jpg,"Australia, Bangladesh, Brunei Darussalam, Cambodia, China, Hong Kong, India, Indonesia, Japan, Laos, Macao, Malaysia, Maldives, Mongolia, Myanmar, Nepal, New Zealand, Philippines, Singapore, South Korea, Sri Lanka, Taiwan, Thailand, Vietnam",FARFETCH,Enjoy 10% off full priced items,https://specials.priceless.com/en-in/offers/FARFETCH?Oid=202002050003&issuerId=201810230002&productId=201810200133
https://specials.priceless.com/mastercard/images/13202344-46a2-46f7-a174-76340ed09488.png,Singapore,Fat Cow,Earn up to 17% Dollars $ rebates and access to exclusive vouchers,https://specials.priceless.com/en-in/offers/Fat_Cow?Oid=202209120005&issuerId=201810230002&productId=201810200133
https://specials.priceless.com/mastercard/images/86b2be7b-8008-4d2d-b6c4-06f625c85785.png,Singapore,Fat Cow - Free Islandwide Delivery,Free island-wide delivery with $120 spend & above with Mastercard,https://specials.priceless.com/en-in/offers/Fat_Cow_-_Free_Islandwide_Delivery?Oid=202407030005&issuerId=201810230002&productId=201810200133
https://specials.priceless.com/mastercard/images/49e2ef04-6fbd-4c76-bb9d-106873f98f06.jpg,Taiwan,FENG HE TAIWAN STYLE,Enjoy one complimentary serving of FENG HE Classic Chicken (Small),https://specials.priceless.com/en-in/offers/FENG_HE_TAIWAN_STYLE?Oid=202406120008&issuerId=201810230002&productId=201810200133
https://specials.priceless.com/mastercard/images/867f2500-a0ec-44af-ab09-d5a53e715678.jpg,India,Ferns N Petals,"15% off on minimum order value of Rs. 1200, Maximum off upto Rs. 500",https://specials.priceless.com/en-in/offers/Ferns_N_Petals?Oid=202305190002&issuerId=201810230002&productId=201810200133
https://specials.priceless.com/mastercard/images/ef019b6b-c9ea-4e40-9551-35d8aa0507c6.jpg,Maldives,Finolhu,35% Off On Accommodation,https://specials.priceless.com/en-in/offers/Finolhu?Oid=202410160013&issuerId=201810230002&productId=201810200133
https://specials.priceless.com/mastercard/images/b06dc040-86b8-42cb-9422-6c9fe45fd1e9.jpg,India,Fiona Diamonds,20% off on Total Bill,https://specials.priceless.com/en-in/offers/Fiona_Diamonds?Oid=202304130053&issuerId=201810230002&productId=201810200133
https://specials.priceless.com/mastercard/images/219308b5-1b5b-46d5-b3ad-bc388ad7da92.jpg,"Indonesia, Malaysia, Singapore, Thailand",Firefly Airlines,Get up to 15% off flights,https://specials.priceless.com/en-in/offers/Firefly_Airlines?Oid=202303140003&issuerId=201810230002&productId=201810200133
https://specials.priceless.com/mastercard/images/96b38135-006c-4acc-b92e-7ed524dae770.png,Singapore,Fireplace by Bedrock,Earn up to 17% Dollars $ rebates and access to exclusive vouchers,https://specials.priceless.com/en-in/offers/Fireplace_by_Bedrock?Oid=202409260618&issuerId=201810230002&productId=201810200133
https://specials.priceless.com/mastercard/images/05d9f6e8-c322-4472-8454-80e31b039ba4.jpg,Sri Lanka,Fitness First LK,Get fit and Save 20% off at Fitness First LK,https://specials.priceless.com/en-in/offers/Fitness_First_LK?Oid=202410230001&issuerId=201810230002&productId=201810200133
https://specials.priceless.com/mastercard/images/12ca8700-1896-4c7e-8f8a-d93ad4f45774.jpg,India,Flower on Wheels,15% off on Total Bill,https://specials.priceless.com/en-in/offers/Flower_on_Wheels?Oid=202401300004&issuerId=201810230002&productId=201810200133
https://specials.priceless.com/mastercard/images/dd482052-d0de-4f23-9e25-84273a97f119.jpg,India,Fortune Hotel,15% off on Food Bill,https://specials.priceless.com/en-in/offers/Fortune_Hotel?Oid=202403280001&issuerId=201810230002&productId=201810200133
https://specials.priceless.com/mastercard/images/b21e7b2d-f414-4d92-8438-30943bcd5eab.jpg,"Hong Kong, Indonesia, Malaysia, Philippines, Singapore",Fullerton Health,"Get access to Mastercard comprehensive health screening packages in Hong Kong, Indonesia, Malaysia, Philippines, Singapore",https://specials.priceless.com/en-in/offers/Fullerton_Health?Oid=201902270009&issuerId=201810230002&productId=201810200133
https://specials.priceless.com/mastercard/images/31c8d0d7-345e-4cff-8861-7a8a1fccfc18.jpg,Taiwan,Fusen Banzhi Trio,Enjoy 1 guest dines for free when you book a party of 8,https://specials.priceless.com/en-in/offers/Fusen_Banzhi_Trio?Oid=202406170004&issuerId=201810230002&productId=201810200133
https://specials.priceless.com/mastercard/images/af3d2f13-c69d-41a1-9041-cb36f5e133fb.jpg,Taiwan,Gaeavilla Resort,Enjoy an exclusive project [Green Travel in Gaeavilla] – Mint Deluxe Room on weekdays,https://specials.priceless.com/en-in/offers/Gaeavilla_Resort?Oid=202406120005&issuerId=201810230002&productId=201810200133
https://specials.priceless.com/mastercard/images/496ecfea-13ce-4663-88a3-9b5302ae47e8.png,Myanmar,Gamone In Teahouse,Enjoy 10% off on Food bill only,https://specials.priceless.com/en-in/offers/Gamone_In_Teahouse?Oid=202408280002&issuerId=201810230002&productId=201810200133
https://specials.priceless.com/mastercard/images/f46fb1eb-a1f6-48d7-96e4-1e2a3c7494cc.JPG,"China, Indonesia, Japan, Thailand",Garrya,"One Night Free at Garrya (Stay for 3 Nights, Pay for 2 Nights)",https://specials.priceless.com/en-in/offers/Garrya?Oid=202312280419&issuerId=201810230002&productId=201810200133
https://specials.priceless.com/mastercard/images/9d3987ce-a051-4cad-a99c-10f18ef044ed.jpg,Myanmar,Gawyangyi Hotel & Resort,5% discount on room rates,https://specials.priceless.com/en-in/offers/Gawyangyi_Hotel___Resort?Oid=202405130004&issuerId=201810230002&productId=201810200133
https://specials.priceless.com/mastercard/images/c9f3fa09-9c72-4de2-bed7-29d045f1be85.jpg,"Australia, China, Hong Kong, India, Indonesia, Japan, Macao, Malaysia, Myanmar, New Zealand, Philippines, Singapore, South Korea, Sri Lanka, Taiwan, Thailand, Vietnam",GHA DISCOVERY,Complimentary fast-track elite status for more exclusive member benefits and rewards,https://specials.priceless.com/en-in/offers/GHA_DISCOVERY?Oid=202111090004&issuerId=201810230002&productId=201810200133
https://specials.priceless.com/mastercard/images/febeb505-bd1d-49d6-849d-be116e03c913.jpg,India,Giftalove,15% off on All Products,https://specials.priceless.com/en-in/offers/Giftalove?Oid=202401300005&issuerId=201810230002&productId=201810200133
https://specials.priceless.com/mastercard/images/8625706a-274b-48da-a856-61654515cabe.png,Singapore,Ginkyo by Kinki,Earn up to 17% Dollars $ rebates and access to exclusive vouchers,https://specials.priceless.com/en-in/offers/Ginkyo_by_Kinki?Oid=202409250001&issuerId=201810230002&productId=201810200133
