Image,Title
https://promos.makemytrip.com/appfest/2x/hsbc-bg-27122023.jpg,Grab Up to 30% OFF* on
https://promos.makemytrip.com/appfest/2x/axis-df-04042023.jpg,Grab FLAT 12% OFF* on Domestic Flights
https://promos.makemytrip.com/appfest/2x/BG-MMT-Group-131222.jpg,For You: Group Booking Benefits on Flights
https://promos.makemytrip.com/appfest/2x/axis-if-04042023.jpg,Grab FLAT 8% OFF* on International Flights
https://promos.makemytrip.com/appfest/2x/axis-bg-14052024.jpg,Grab FLAT 20% OFF* on Business Class for Int’l Flights
https://promos.makemytrip.com/appfest/2x/bob-offer-bg-28062023.jpg,Avail Interest FREE* EMI + Up to 35% OFF*
https://promos.makemytrip.com/appfest/2x/BG-Canara01-29092022.jpg,Grab up to 20% OFF*
https://promos.makemytrip.com/appfest/2x/au-bank-bg-04072023.jpg,UNLOCK BIG SAVINGS ON YOUR NEXT TRIP
https://promos.makemytrip.com/appfest/2x/IF-ChicletBG-TKS-11Nov.jpg,"Up to ?15,000 OFF* on International Flights"
https://promos.makemytrip.com/appfest/DF-ChicletBG-TKS-11Nov.jpg,Up to 20% OFF* on Domestic Flights
https://promos.makemytrip.com/appfest/2x/US-ChicletBG-TKS-11Nov.jpg,"Up to ?25,000 OFF* on Flights"
https://promos.makemytrip.com/appfest/2x/Europe-ChicletBG-TKS-11Nov.jpg,"Up to ?20,000 OFF* on Flights"
https://promos.makemytrip.com/appfest/2x/MiddleEast-ChicletBG-TKS-11Nov.jpg,"Up to ?15,000 OFF* on Flights"
https://promos.makemytrip.com/appfest/2x/Australia-ChicletBG-TKS-11Nov.jpg,"Up to ?20,000 OFF* on Flights"
https://promos.makemytrip.com/appfest/2x/Africa-ChicletBG-TKS-11Nov.jpg,"Up to ?20,000 OFF* on Flights"
https://promos.makemytrip.com/appfest/2x/ChicletBG-TKS-Common-111124.jpg,For Your GRAND Year-end Getaway: Up to 40% OFF*
https://promos.makemytrip.com/appfest/2x/SouthEastAsia-ChicletBG-TKS-11Nov.jpg,"Up to ?15,000 OFF* on Flights"
https://promos.makemytrip.com/2x/appfest/mobikwik-29042022.jpg,For Your Travel: Get Up to 16% OFF*
https://promos.makemytrip.com/appfest/2x/airasia-28072023.jpg,New Flights by AirAsia
https://promos.makemytrip.com/appfest/indigo-air-bg-07082024.jpg,IndiGo’s Business Class Seats: Stretch & Stretch+
https://promos.makemytrip.com/appfest/2x/hdfc-bg-08112024.jpg,Unmissable Deals for You: Grab Up to ?7500 OFF*
https://promos.makemytrip.com/appfest/2x/hsbc-bank-bg-04042024.jpg,Get Up to 35% OFF* + Interest-free EMI
https://promos.makemytrip.com/appfest/2x/flight-delay-bg-17102024.jpg,Introducing Flight Delay Protection
https://promos.makemytrip.com/appfest/2x/bajaj-bg-03082023.jpg,#SUPERSAVER OFFER: Up to 15% OFF*
https://promos.makemytrip.com/appfest/2x/dom-flight-bg-30062023.jpg,Grab NOW: FLAT 12% OFF* on Domestic Flights!
https://promos.makemytrip.com/appfest/2x/price-lock-bg-01112023.jpg,Avoid Surges in Airfares with
https://promos.makemytrip.com/appfest/2x//flight-bg-30102023.jpg,Special Benefit for Defence Personnel:
https://promos.makemytrip.com/appfest/2x/avaan-bg-19102023.jpg,NOW AVAIL: Door-to-Door Baggage Delivery with Us!
https://promos.makemytrip.com/appfest/2x/BG-DF-Zero-Cancellation-2-310323.jpg,Avail Zero Cancellation on Domestic Flights!
https://promos.makemytrip.com/appfest/2x/AncillaryMeals-01092022.jpg,Meals for Your Flights @ up to 20% Lower Prices!
https://promos.makemytrip.com/appfest/2x/chiclet-card-BG-HDFC-EMI-290324.jpg,"Grab Up to Rs. 5,000 OFF*"
https://promos.makemytrip.com/appfest/2x/rupay-bg-18012024.jpg,Get Up to 15% Instant Cashback*
https://promos.makemytrip.com/appfest/2x/ChicletBG-Student-29Nov.jpg,Special Benefit for Students:
https://promos.makemytrip.com/appfest/2x/Flights-CFAR-26092022.jpg,INTRODUCED: ‘Zero Cancellation’!
https://promos.makemytrip.com/appfest/2x/idfc-05012023.jpg,For Worry-free Travel: Grab Up to 15% OFF*
https://promos.makemytrip.com/appfest/2x/rbl-bg-07102024.jpg,UNBEATABLE DEALS FOR UNFORGETTABLE TRIPS:
https://promos.makemytrip.com/appfest/2x/au-bank-bg-07102024.jpg,BIG SAVINGS ON YOUR GETAWAYS:
https://promos.makemytrip.com/appfest/2x/Visa-chiclet-bg-201223.jpg,Directly Get a Visa with Us!
https://promos.makemytrip.com/appfest/2x/icici-bg-31072024.jpg,Grab Up to ?4000 OFF*
https://promos.makemytrip.com/appfest/2x/changi-bg-05112024.jpg,DON’T MISS: Up to ?5000 OFF*
https://promos.makemytrip.com/appfest/2x/hdfc-bg-07112024.jpg,Big Savings for You: Grab Up to ?5000 OFF*
https://promos.makemytrip.com/appfest/2x/japan-airline-bg-01042024.jpg,LIVE NOW: Special Fares by Japan Airlines
https://promos.makemytrip.com/appfest/2x/bg-air-india-sale-02022024.jpg,New Flights Introduced by Air India
https://promos.makemytrip.com/appfest/2x/wedding-gift-card-bg.jpg,Wedding Gift Idea!
https://promos.makemytrip.com/appfest/2x/airasia-28072023.jpg,LIVE NOW: Sale by AirAsia!
https://promos.makemytrip.com/appfest/2x/Indigo-29052023.jpg,LAUNCHED: New Flights by IndiGo
https://promos.makemytrip.com/appfest/2x/yes-bg-14072023.jpg,Avail Interest-free EMI* + Up to 35% OFF*
